{
    "em": 0.37735849056603776,
    "f1": 0.49328819420676423,
    "prec": 0.5003022135097608,
    "recall": 0.5269709675370053
}