{
    "em": 0.5533333333333333,
    "f1": 0.6346719576719577,
    "prec": 0.641515873015873,
    "recall": 0.6624444444444445
}