{
    "em": 0.4591194968553459,
    "f1": 0.5295629737139171,
    "prec": 0.5415546733062927,
    "recall": 0.5423299356611002
}