{
    "em": 0.5063291139240507,
    "f1": 0.6065716813470998,
    "prec": 0.6018459915611813,
    "recall": 0.6440928270042194
}