{
    "em": 0.56,
    "f1": 0.6822698412698414,
    "prec": 0.6843333333333333,
    "recall": 0.7063333333333334
}