{
    "em": 0.5066666666666667,
    "f1": 0.592137950937951,
    "prec": 0.5822712842712844,
    "recall": 0.6223333333333334
}