{
    "em": 0.47333333333333333,
    "f1": 0.5374761904761904,
    "prec": 0.5402222222222222,
    "recall": 0.549888888888889
}