{
    "em": 0.39622641509433965,
    "f1": 0.4882776546762789,
    "prec": 0.5064183196258669,
    "recall": 0.5043843647617233
}