{
    "em": 0.5,
    "f1": 0.6206100694774912,
    "prec": 0.624177694668201,
    "recall": 0.6549583968608541
}