{
    "em": 0.5759493670886076,
    "f1": 0.6650796264627239,
    "prec": 0.6702932612826018,
    "recall": 0.6981163351416515
}