{
    "em": 0.3584905660377358,
    "f1": 0.4665382228937342,
    "prec": 0.47493679076944056,
    "recall": 0.4818399629720385
}