{
    "em": 0.001214,
    "f1": 0.000492,
    "prec": 0.000611,
    "recall": 0.000478
}