{
    "em": 0.002796,
    "f1": 0.001172,
    "prec": 0.000917,
    "recall": 0.001396
}