{
    "em": 0.22841225626740946,
    "f1": 0.3008335062068551,
    "prec": 0.30858113493669864,
    "recall": 0.3251823849316886
}