{
    "em": 0.2340909090909091,
    "f1": 0.33928907701274924,
    "prec": 0.3520570794990524,
    "recall": 0.36391296203796214,
    "Average Precision@10": 0.11844894026974953,
    "Average Recall@10": 0.5922447013487476,
    "Average NDCG@10": 0.5881115465597574
}