{
    "em": 0.47639691714836224, 
    "f1": 0.5768018507652457, 
    "prec": 0.5871048846756313, 
    "recall": 0.6066714887332874
}
