{
    "em": 0.1958997722095672,
    "f1": 0.2858178537338284,
    "prec": 0.2987301207427928,
    "recall": 0.31273895049521466
}