{
    "3": {
        "em": 0.4572212521825892,
        "f1": 0.5556719333971051,
        "prec": 0.5671749653500808,
        "recall": 0.5767975166171615,
        "Average Precision@3": 0.342,
        "Average Recall@3": 0.513,
        "Average NDCG@3": 0.5542565523794035,
        "num_queries": 4010
    },
    "5": {
        "em": 0.25,
        "f1": 0.5,
        "prec": 0.625,
        "recall": 0.4583333333333333,
        "num_queries": 5
    },
    "7": {
        "em": 0.0,
        "f1": 0.0,
        "prec": 0.0,
        "recall": 0.0,
        "num_queries": 1

    },
    "10": {
        "em": 0.38235294117647056,
        "f1": 0.4325032387610052,
        "prec": 0.4374478093622571,
        "recall": 0.4825144830659538,
        "Average Precision@10": 0.09379310344827586,
        "Average Recall@10": 0.4689655172413793,
        "Average NDCG@10": 0.40762423403885306,
        "num_queries": 136
    }
    }