{
    "em": 0.38235294117647056,
    "f1": 0.4325032387610052,
    "prec": 0.4374478093622571,
    "recall": 0.4825144830659538
}