{
    "em": 0.4572212521825892,
    "f1": 0.5556719333971051,
    "prec": 0.5671749653500808,
    "recall": 0.5767975166171615
}