{
    "em": 0.0021439999999999988,
    "f1": 0.0008581675841946509,
    "prec": 0.0013213204776797748,
    "recall": 0.0006666153086419761
}