{
    "em": 0.0020054153201152928,
    "f1": 0.0017202197586952818,
    "prec": 0.0019224215111676407,
    "recall": 0.0017390495032417262
}