{
    "em": 0.17,
    "f1": 0.2529241452991453,
    "prec": 0.2705313131313131,
    "recall": 0.2679285714285714
}