{
    "em": 0.3,
    "f1": 0.42882500832500825,
    "prec": 0.4603638716356107,
    "recall": 0.44983333333333336
}