{
    "10": {
        "em": 0.14925373134328357,
        "f1": 0.2701216014974565,
        "prec": 0.2961106647849404,
        "recall": 0.3195628997867804,
        "num_queries": 67
    },
    "7": {
        "em": 0.30303030303030304,
        "f1": 0.45580171462524405,
        "prec": 0.45435120435120435,
        "recall": 0.4797979797979798,
        "num_queries": 33
    }
}