{
    "3": {
        "em": 0.25263157894736843,
        "f1": 0.37245614035087726,
        "prec": 0.39210526315789473,
        "recall": 0.38596491228070173,
        "num_queries": 95
    },
    "10": {
        "em": 0.6,
        "f1": 0.6,
        "prec": 0.6,
        "recall": 0.6,
        "num_queries": 5
    }
}