{
    "3": {
        "em": 0.15384615384615385,
        "f1": 0.2374898330468666,
        "prec": 0.25092170647523226,
        "recall": 0.25698587127158556,
        "num_queries": 91
    },
    "10": {
        "em": 0.3333333333333333,
        "f1": 0.4159544159544159,
        "prec": 0.3947368421052631,
        "recall": 0.46031746031746024,
        "num_queries": 9
    }
}