{
    "7": {
        "em": 0.34375,
        "f1": 0.5116387085137085,
        "prec": 0.5217762795753098,
        "recall": 0.5611979166666667,
        "num_queries": 64
    },
    "10": {
        "em": 0.25,
        "f1": 0.3464285714285714,
        "prec": 0.37731481481481477,
        "recall": 0.3490740740740741,
        "num_queries": 36
    }
}