{
    "3": {
        "em": 0.27472527472527475,
        "f1": 0.37330039203575505,
        "prec": 0.3892973095365917,
        "recall": 0.3846153846153845,
        "num_queries": 91
    },
    "10": {
        "em": 0.6666666666666666,
        "f1": 0.6666666666666666,
        "prec": 0.6666666666666666,
        "recall": 0.6666666666666666,
        "num_queries": 9
    }
}