{
    "10": {
        "em": 0.2545454545454545,
        "f1": 0.35755214482487213,
        "prec": 0.3546320346320347,
        "recall": 0.40303030303030296,
        "num_queries": 55
    },
    "7": {
        "em": 0.3333333333333333,
        "f1": 0.5082277237449652,
        "prec": 0.5421651306582814,
        "recall": 0.5222222222222223,
        "num_queries": 45
    }
}