{
    "em": 0.21,
    "f1": 0.3170066180302472,
    "prec": 0.3426488558192626,
    "recall": 0.35260714285714284
}