{
    "7": {
        "em": 0.2692307692307692,
        "f1": 0.3156898656898657,
        "prec": 0.34182692307692303,
        "recall": 0.3269230769230769,
        "num_queries": 26
    },
    "10": {
        "em": 0.32432432432432434,
        "f1": 0.3847151652324066,
        "prec": 0.41052102236312765,
        "recall": 0.4140926640926641,
        "num_queries": 74
    }
}