{
    "3": {
        "em": 0.14457831325301204,
        "f1": 0.2190874785652919,
        "prec": 0.2355827009599996,
        "recall": 0.2600636311479685,
        "num_queries": 83
    },
    "10": {
        "em": 0.5625,
        "f1": 0.5625,
        "prec": 0.5625,
        "recall": 0.5625,
        "num_queries": 16
    },
    "7": {
        "em": 0.0,
        "f1": 0.0,
        "prec": 0.0,
        "recall": 0.0,
        "num_queries": 1
    }
}