{
    "em": 0.18,
    "f1": 0.2919990176490177,
    "prec": 0.30709164313946924,
    "recall": 0.32648809523809524
}