{
    "3": {
        "em": 0.1827956989247312,
        "f1": 0.2827444956477214,
        "prec": 0.3161546338965694,
        "recall": 0.29247311827956984,
        "num_queries": 93
    },
    "10": {
        "em": 0.8571428571428571,
        "f1": 0.8714285714285713,
        "prec": 0.865079365079365,
        "recall": 0.9285714285714286,
        "num_queries": 7
    }
}