{
    "10": {
        "em": 0.2857142857142857,
        "f1": 0.2857142857142857,
        "prec": 0.2857142857142857,
        "recall": 0.2857142857142857,
        "num_queries": 7
    },
    "3": {
        "em": 0.16304347826086957,
        "f1": 0.25747757073844035,
        "prec": 0.28203502415458936,
        "recall": 0.26621376811594205,
        "num_queries": 92
    },
    "5": {
        "em": 0.0,
        "f1": 0.3333333333333333,
        "prec": 0.3333333333333333,
        "recall": 0.3333333333333333,
        "num_queries": 1
    }
}