{
    "10": {
        "em": 0.1780821917808219,
        "f1": 0.30039040159965994,
        "prec": 0.3146879756468797,
        "recall": 0.29375407697325506,
        "num_queries": 73
    },
    "7": {
        "em": 0.1111111111111111,
        "f1": 0.3518871252204586,
        "prec": 0.30864197530864196,
        "recall": 0.29876543209876544,
        "num_queries": 27
    }
}