{
    "10": {
        "em": 0.2830188679245283,
        "f1": 0.37536143102180836,
        "prec": 0.38411122144985105,
        "recall": 0.4069182389937107,
        "num_queries": 53
    },
    "7": {
        "em": 0.2553191489361702,
        "f1": 0.34403295472724366,
        "prec": 0.33944014119031274,
        "recall": 0.37659574468085105,
        "num_queries": 47
    }
}