{
    "em": 0.31,
    "f1": 0.400871572871573,
    "prec": 0.43168478260869564,
    "recall": 0.41666666666666674
}