{
    "10": {
        "em": 0.17391304347826086,
        "f1": 0.272640911084847,
        "prec": 0.27895434003428393,
        "recall": 0.31601104209799863,
        "num_queries": 69
    },
    "7": {
        "em": 0.1935483870967742,
        "f1": 0.28732208170785845,
        "prec": 0.30384833050367854,
        "recall": 0.3137480798771121,
        "num_queries": 31
    }
}