{
    "em": 0.33,
    "f1": 0.4333047201336674,
    "prec": 0.45519327099166224,
    "recall": 0.46599999999999997
}