{
    "3": {
        "em": 0.27,
        "f1": 0.42114787935376163,
        "prec": 0.44652380952380955,
        "recall": 0.44483333333333336,
        "num_queries": 100
    }
}