{
    "em": 0.27,
    "f1": 0.38258123249299714,
    "prec": 0.3799583333333334,
    "recall": 0.4218333333333334
}