{
    "3": {
        "em": 0.18681318681318682,
        "f1": 0.28207214031389855,
        "prec": 0.3063492063492063,
        "recall": 0.3093406593406593,
        "num_queries": 91
    },
    "10": {
        "em": 0.5,
        "f1": 0.5,
        "prec": 0.5,
        "recall": 0.5,
        "num_queries": 8
    },
    "5": {
        "em": 0.0,
        "f1": 0.6666666666666666,
        "prec": 1.0,
        "recall": 0.5,
        "num_queries": 1
    }
}