{
    "10": {
        "em": 0.75,
        "f1": 0.75,
        "prec": 0.75,
        "recall": 0.75,
        "num_queries": 8
    },
    "3": {
        "em": 0.1956521739130435,
        "f1": 0.29119149240821096,
        "prec": 0.2937683883622099,
        "recall": 0.3278079710144928,
        "num_queries": 92
    }
}