{
    "7": {
        "em": 0.2916666666666667,
        "f1": 0.34146825396825403,
        "prec": 0.3327485380116959,
        "recall": 0.37916666666666665,
        "num_queries": 24
    },
    "10": {
        "em": 0.19736842105263158,
        "f1": 0.25260330578512397,
        "prec": 0.26215930451127817,
        "recall": 0.2741228070175439,
        "num_queries": 76
    }
}