{
    "10": {
        "em": 0.3076923076923077,
        "f1": 0.37686202686202686,
        "prec": 0.39076923076923076,
        "recall": 0.382051282051282,
        "num_queries": 65
    },
    "7": {
        "em": 0.14285714285714285,
        "f1": 0.29306122448979594,
        "prec": 0.33619047619047615,
        "recall": 0.31523809523809526,
        "num_queries": 35
    }
}