{
    "em": 0.27,
    "f1": 0.3449304747540042,
    "prec": 0.3629710144927536,
    "recall": 0.3697619047619048
}