{
    "em": 0.22,
    "f1": 0.31319782700959176,
    "prec": 0.33162072649572644,
    "recall": 0.3353095238095238
}