{
    "em": 0.5240332490061438,
    "f1": 0.6290281214281986,
    "prec": 0.639702105534936,
    "recall": 0.6559175314506005
}