{
    "em": 0.2816032887975334,
    "f1": 0.35272736817525546,
    "prec": 0.35587738708530503,
    "recall": 0.39936166094953346
}