{
    "5": {
        "em": 0.5238095238095238,
        "f1": 0.6707175540508874,
        "prec": 0.6903132086167801,
        "recall": 0.7078420256991687
    },
    "10": {
        "em": 0.29411764705882354,
        "f1": 0.3678516771021515,
        "prec": 0.3609816539228304,
        "recall": 0.42528223410576355
    },
    "7": {
        "em": 0.5390070921985816,
        "f1": 0.6288557083300513,
        "prec": 0.6295991833225876,
        "recall": 0.6524822695035462
    }
}