{
    "10": {
        "em": 0.25510204081632654,
        "f1": 0.3190439247409862,
        "prec": 0.31718961310798044,
        "recall": 0.3869378920399328,
        "num_queries": 98
    },
    "7": {
        "em": 0.5299684542586751,
        "f1": 0.6207330174207148,
        "prec": 0.6227617107743293,
        "recall": 0.6435856992639326,
        "num_queries": 317
    },
    "5": {
        "em": 0.5746268656716418,
        "f1": 0.7241610131162368,
        "prec": 0.7406170493289248,
        "recall": 0.7451492537313433,
        "num_queries": 134
    }
}