{
    "10": {
        "em": 0.2816032887975334,
        "f1": 0.35272736817525546,
        "prec": 0.35587738708530503,
        "recall": 0.39936166094953346,
        "Average Precision@10": 0.010420841683366735,
        "Average Recall@10": 0.052104208416833664,
        "Average NDCG@10": 0.0457959392451766,
        "num_queries": 974
    },
    "7": {
        "em": 0.5240332490061438,
        "f1": 0.6290281214281986,
        "prec": 0.639702105534936,
        "recall": 0.6559175314506005,
        "Average Precision@7": 0.07145459276606816,
        "Average Recall@7": 0.2500910746812386,
        "Average NDCG@7": 0.25757952672367046,
        "num_queries": 2768
    },
    "5": {
        "em": 0.5829268292682926,
        "f1": 0.7033197845095182,
        "prec": 0.7118478655883284,
        "recall": 0.7277758420441349,
        "Average Precision@5": 0.27677261613691934,
        "Average Recall@5": 0.6919315403422983,
        "Average NDCG@5": 0.7279765778790221,
        "num_queries": 411
    }
}