{
    "em": 0.5829268292682926,
    "f1": 0.7033197845095182,
    "prec": 0.7118478655883284,
    "recall": 0.7277758420441349
}