{
    "em": 0.4666666666666667,
    "f1": 0.5423162145301967,
    "prec": 0.5364012770637789,
    "recall": 0.6169761904761906
}