{
    "10": {
        "em": 0.19796954314720813,
        "f1": 0.30126944525804117,
        "prec": 0.3214417137560056,
        "recall": 0.3093727338651196,
        "num_queries": 197
    },
    "7": {
        "em": 0.21359223300970873,
        "f1": 0.34568500539374325,
        "prec": 0.348705501618123,
        "recall": 0.36391585760517803,
        "num_queries": 103
    }
}