{
    "em": 0.16333333333333333,
    "f1": 0.286166432199041,
    "prec": 0.31347014861145295,
    "recall": 0.30206349206349214
}