{
    "10": {
        "em": 0.43983402489626555,
        "f1": 0.5088576029342504,
        "prec": 0.5070847332696781,
        "recall": 0.5767634854771784,
        "num_queries": 241
    },
    "7": {
        "em": 0.6271186440677966,
        "f1": 0.6767109538295979,
        "prec": 0.6717785039818936,
        "recall": 0.7223163841807909,
        "num_queries": 59
    }
}