{
    "3": {
        "em": 0.1952054794520548,
        "f1": 0.2988469198569748,
        "prec": 0.3132997353673724,
        "recall": 0.30865133724722765,
        "num_queries": 292
    },
    "10": {
        "em": 0.0,
        "f1": 0.08928571428571429,
        "prec": 0.19444444444444445,
        "recall": 0.19047619047619047,
        "num_queries": 6
    },
    "5": {
        "em": 0.0,
        "f1": 0.0,
        "prec": 0.0,
        "recall": 0.0,
        "num_queries": 2
    }
}