{
    "3": {
        "em": 0.3673469387755102,
        "f1": 0.4582734964393353,
        "prec": 0.4542621687248617,
        "recall": 0.5607993197278912,
        "num_queries": 196
    },
    "10": {
        "em": 0.5643564356435643,
        "f1": 0.5839226779820839,
        "prec": 0.5817381738173818,
        "recall": 0.6023102310231022,
        "num_queries": 101
    },
    "5": {
        "em": 0.0,
        "f1": 0.0,
        "prec": 0.0,
        "recall": 0.0,
        "num_queries": 2
    },
    "7": {
        "em": 0.0,
        "f1": 0.0,
        "prec": 0.0,
        "recall": 0.0,
        "num_queries": 1
    }
}