{
    "em": 0.34,
    "f1": 0.3971746031746031,
    "prec": 0.4201149321266968,
    "recall": 0.4468888888888889
}