{
    "em": 0.48598130841121495,
    "f1": 0.5751748147138078,
    "prec": 0.5866696743212495,
    "recall": 0.6206749270520573
}