{
    "em": 0.32,
    "f1": 0.3753119429590018,
    "prec": 0.36504761904761907,
    "recall": 0.41333333333333333
}