{
    "em": 0.28,
    "f1": 0.36409523809523814,
    "prec": 0.36333333333333334,
    "recall": 0.37666666666666665
}