{
    "em": 0.514018691588785,
    "f1": 0.6656444282612505,
    "prec": 0.6999072837857885,
    "recall": 0.689563862928349
}