{
    "em": 0.42,
    "f1": 0.44933333333333336,
    "prec": 0.46,
    "recall": 0.44333333333333336
}