{
    "em": 0.48598130841121495,
    "f1": 0.5962495448476756,
    "prec": 0.611653922401586,
    "recall": 0.6085224744103249
}