{
    "em": 0.6074766355140186,
    "f1": 0.6830917565792135,
    "prec": 0.6882769618750927,
    "recall": 0.7048286604361371
}