{
    "em": 0.514018691588785,
    "f1": 0.6514571617375355,
    "prec": 0.6632327778033548,
    "recall": 0.7017578994214508
}