{
    "em": 0.36,
    "f1": 0.39664143853998923,
    "prec": 0.4103339900553523,
    "recall": 0.4066666666666666
}