{
    "em": 0.45111821086261983,
    "f1": 0.5383549609070695,
    "prec": 0.5418601811384818,
    "recall": 0.5623947569636819
}