{
    "3": {
        "em": 0.45111821086261983,
        "f1": 0.5383549609070695,
        "prec": 0.5418601811384818,
        "recall": 0.5623947569636819,
        "num_queries": 3130
    },
    "5": {
        "em": 0.4411764705882353,
        "f1": 0.5289679869744447,
        "prec": 0.5342261311569764,
        "recall": 0.548216230936819,
        "num_queries": 816
    },
    "7": {
        "em": 0.4411764705882353,
        "f1": 0.5289679869744447,
        "prec": 0.5342261311569764,
        "recall": 0.548216230936819,
        "num_queries": 15
}