{
    "em": 0.4411764705882353,
    "f1": 0.5289679869744447,
    "prec": 0.5342261311569764,
    "recall": 0.548216230936819
}