{
    "em": 0.48347497639282344,
    "f1": 0.583323441285427,
    "prec": 0.590495084685483,
    "recall": 0.6090453979972391
}