{
    "3": {
        "em": 0.415,
        "f1": 0.5055720974316414,
        "prec": 0.5089511180731513,
        "recall": 0.5399698463301403,
        "num_queries": 600
    },
    "5": {
        "em": 0.48347497639282344,
        "f1": 0.583323441285427,
        "prec": 0.590495084685483,
        "recall": 0.6090453979972391,
        "num_queries": 1598
    },
    "7": {
        "em": 0.4896640826873385,
        "f1": 0.5945966897739582,
        "prec": 0.5972934519217531,
        "recall": 0.6246548052507355,
        "num_queries": 1548

    },
    "10": {
        "em": 0.42913385826771655,
        "f1": 0.5091779956471214,
        "prec": 0.5101830580055147,
        "recall": 0.5344706911636046,
        "num_queries": 254
    },



}