{
    "3": {
        "em": 0.439117199391172,
        "f1": 0.5259558408227253,
        "prec": 0.535225829142448,
        "recall": 0.5436171868911105,
        "num_queries": 3192
    },
    "5": {
        "em": 0.3333333333333333,
        "f1": 0.3466666666666667,
        "prec": 0.3409090909090909,
        "recall": 0.3888888888888889,
        "num_queries": 3
    },
    "7": {
        "em": 0.125,
        "f1": 0.1527777777777778,
        "prec": 0.16666666666666666,
        "recall": 0.14583333333333334,
        "num_queries": 8
}